INSERT INTO USER (USER_ID, EMAIL, ALIAS) VALUES ('USER-ID-01', 'user01@test.com', '사용자01');
INSERT INTO USER (USER_ID, EMAIL, ALIAS) VALUES ('USER-ID-02', 'user02@test.com', '사용자02');
INSERT INTO USER (USER_ID, EMAIL, ALIAS) VALUES ('USER-ID-03', 'user03@test.com', '사용자03');
INSERT INTO USER (USER_ID, EMAIL, ALIAS) VALUES ('USER-ID-04', 'user04@test.com', '사용자04');
INSERT INTO USER (USER_ID, EMAIL, ALIAS) VALUES ('USER-ID-05', 'user05@test.com', '사용자05');

INSERT INTO USER_HIS (USER_KEY, ALIAS, CREATE_AT)
    SELECT USER_KEY, ALIAS, UPDATE_AT FROM USER;

INSERT INTO PASSWORD (USER_KEY, PASSWORD) VALUES ((SELECT USER_KEY FROM USER WHERE USER_ID = 'USER-ID-01'), '{noop}password');
INSERT INTO PASSWORD (USER_KEY, PASSWORD) VALUES ((SELECT USER_KEY FROM USER WHERE USER_ID = 'USER-ID-02'), '{noop}password');
INSERT INTO PASSWORD (USER_KEY, PASSWORD) VALUES ((SELECT USER_KEY FROM USER WHERE USER_ID = 'USER-ID-03'), '{noop}password');
INSERT INTO PASSWORD (USER_KEY, PASSWORD) VALUES ((SELECT USER_KEY FROM USER WHERE USER_ID = 'USER-ID-04'), '{noop}password');
INSERT INTO PASSWORD (USER_KEY, PASSWORD) VALUES ((SELECT USER_KEY FROM USER WHERE USER_ID = 'USER-ID-05'), '{noop}password');

INSERT INTO PASSWORD_HIS (USER_KEY, PASSWORD, CREATE_AT)
    SELECT USER_KEY, PASSWORD, UPDATE_AT FROM PASSWORD;

INSERT INTO POST (USER_KEY, CONTENTS) VALUES ((SELECT USER_KEY FROM USER WHERE USER_ID = 'USER-ID-01'), '사용자01 콘텐츠 01');
INSERT INTO POST (USER_KEY, CONTENTS) VALUES ((SELECT USER_KEY FROM USER WHERE USER_ID = 'USER-ID-01'), '사용자01 콘텐츠 02');
INSERT INTO POST (USER_KEY, CONTENTS) VALUES ((SELECT USER_KEY FROM USER WHERE USER_ID = 'USER-ID-01'), '사용자01 콘텐츠 03');
INSERT INTO POST (USER_KEY, CONTENTS) VALUES ((SELECT USER_KEY FROM USER WHERE USER_ID = 'USER-ID-01'), '사용자01 콘텐츠 04');
INSERT INTO POST (USER_KEY, CONTENTS) VALUES ((SELECT USER_KEY FROM USER WHERE USER_ID = 'USER-ID-01'), '사용자01 콘텐츠 05');

INSERT INTO POST (USER_KEY, CONTENTS) VALUES ((SELECT USER_KEY FROM USER WHERE USER_ID = 'USER-ID-02'), '사용자02 콘텐츠 01');
INSERT INTO POST (USER_KEY, CONTENTS) VALUES ((SELECT USER_KEY FROM USER WHERE USER_ID = 'USER-ID-02'), '사용자02 콘텐츠 02');
INSERT INTO POST (USER_KEY, CONTENTS) VALUES ((SELECT USER_KEY FROM USER WHERE USER_ID = 'USER-ID-02'), '사용자02 콘텐츠 03');
INSERT INTO POST (USER_KEY, CONTENTS) VALUES ((SELECT USER_KEY FROM USER WHERE USER_ID = 'USER-ID-02'), '사용자02 콘텐츠 04');
INSERT INTO POST (USER_KEY, CONTENTS) VALUES ((SELECT USER_KEY FROM USER WHERE USER_ID = 'USER-ID-02'), '사용자02 콘텐츠 05');

INSERT INTO POST (USER_KEY, CONTENTS) VALUES ((SELECT USER_KEY FROM USER WHERE USER_ID = 'USER-ID-03'), '사용자03 콘텐츠 01');
INSERT INTO POST (USER_KEY, CONTENTS) VALUES ((SELECT USER_KEY FROM USER WHERE USER_ID = 'USER-ID-03'), '사용자03 콘텐츠 02');
INSERT INTO POST (USER_KEY, CONTENTS) VALUES ((SELECT USER_KEY FROM USER WHERE USER_ID = 'USER-ID-03'), '사용자03 콘텐츠 03');
INSERT INTO POST (USER_KEY, CONTENTS) VALUES ((SELECT USER_KEY FROM USER WHERE USER_ID = 'USER-ID-03'), '사용자03 콘텐츠 04');
INSERT INTO POST (USER_KEY, CONTENTS) VALUES ((SELECT USER_KEY FROM USER WHERE USER_ID = 'USER-ID-03'), '사용자03 콘텐츠 05');

INSERT INTO POST (USER_KEY, CONTENTS) VALUES ((SELECT USER_KEY FROM USER WHERE USER_ID = 'USER-ID-04'), '사용자04 콘텐츠 01');
INSERT INTO POST (USER_KEY, CONTENTS) VALUES ((SELECT USER_KEY FROM USER WHERE USER_ID = 'USER-ID-04'), '사용자04 콘텐츠 02');
INSERT INTO POST (USER_KEY, CONTENTS) VALUES ((SELECT USER_KEY FROM USER WHERE USER_ID = 'USER-ID-04'), '사용자04 콘텐츠 03');
INSERT INTO POST (USER_KEY, CONTENTS) VALUES ((SELECT USER_KEY FROM USER WHERE USER_ID = 'USER-ID-04'), '사용자04 콘텐츠 04');
INSERT INTO POST (USER_KEY, CONTENTS) VALUES ((SELECT USER_KEY FROM USER WHERE USER_ID = 'USER-ID-04'), '사용자04 콘텐츠 05');

INSERT INTO POST (USER_KEY, CONTENTS) VALUES ((SELECT USER_KEY FROM USER WHERE USER_ID = 'USER-ID-05'), '사용자05 콘텐츠 01');
INSERT INTO POST (USER_KEY, CONTENTS) VALUES ((SELECT USER_KEY FROM USER WHERE USER_ID = 'USER-ID-05'), '사용자05 콘텐츠 02');
INSERT INTO POST (USER_KEY, CONTENTS) VALUES ((SELECT USER_KEY FROM USER WHERE USER_ID = 'USER-ID-05'), '사용자05 콘텐츠 03');
INSERT INTO POST (USER_KEY, CONTENTS) VALUES ((SELECT USER_KEY FROM USER WHERE USER_ID = 'USER-ID-05'), '사용자05 콘텐츠 04');
INSERT INTO POST (USER_KEY, CONTENTS) VALUES ((SELECT USER_KEY FROM USER WHERE USER_ID = 'USER-ID-05'), '사용자05 콘텐츠 05');

INSERT INTO POST_HIS (POST_KEY, USER_KEY, CONTENTS, DELETED, CREATE_AT)
    SELECT POST_KEY, USER_KEY, CONTENTS, DELETED, UPDATE_AT FROM POST;


